StartDate,EndDate,Progress,Duration (in seconds),Finished,RecordedDate,Q2,Q3,Q4,Q4_7_TEXT,Q6_1,Q6_2,Q6_3,Q6_4,Q6_5,Q6_6,Q6_7,Q6_8,Q6_9,Q6_10,Q7_1,Q7_2,Q7_3,Q7_4,Q7_5,Q7_6,Q8_1,Q8_2,Q8_3,Q8_4,Q8_5,Q8_6,Q8_7,Q8_8,Q8_9,Q8_10,Q8_11,Q9_1,Q9_2,Q9_3,Q9_4,Q10_1,Q11_1,Q12,Q12_5_TEXT,Q13,source
Start Date,End Date,Progress,Duration (in seconds),Finished,Recorded Date,"What is the highest degree you have completed in a field related to software development, computer science or engineering?",How many years of work experience do you have in this field?,"Have you used tools for CI/CD or build automations in software development, like GitHub Workflows or Maven Plugins? - Selected Choice","Have you used tools for CI/CD or build automations in software development, like GitHub Workflows or Maven Plugins? - I've used another type of CI/CD or build automation - Text","Code Quality (Testing, Linting, Security and compliance)


Every maturity level should have at least one task assigned to it (so at least one task in Basic, at least one task in Intermediate, and at least one task in Advanced). - Run tests (e.g. 'maven-surefire-plugin', 'pytest')","Code Quality (Testing, Linting, Security and compliance)


Every maturity level should have at least one task assigned to it (so at least one task in Basic, at least one task in Intermediate, and at least one task in Advanced). - Test coverage and validity (e.g. 'jacoco-maven-plugin, 'coverage run', 'tox')","Code Quality (Testing, Linting, Security and compliance)


Every maturity level should have at least one task assigned to it (so at least one task in Basic, at least one task in Intermediate, and at least one task in Advanced). - Generate test reports (e.g. 'codecov/codecov-action', 'coverage report')","Code Quality (Testing, Linting, Security and compliance)


Every maturity level should have at least one task assigned to it (so at least one task in Basic, at least one task in Intermediate, and at least one task in Advanced). - Automatic code formatting (e.g. 'spotless-maven-plugin, 'flake8')","Code Quality (Testing, Linting, Security and compliance)


Every maturity level should have at least one task assigned to it (so at least one task in Basic, at least one task in Intermediate, and at least one task in Advanced). - Static code quality analysis (e.g. 'spotbugs-maven-plugin', 'mypy', 'pylint')","Code Quality (Testing, Linting, Security and compliance)


Every maturity level should have at least one task assigned to it (so at least one task in Basic, at least one task in Intermediate, and at least one task in Advanced). - Static code style analysis (e.g. 'maven-checkstyle-plugin', 'flake8', 'pylint')","Code Quality (Testing, Linting, Security and compliance)


Every maturity level should have at least one task assigned to it (so at least one task in Basic, at least one task in Intermediate, and at least one task in Advanced). - Verify packaging correctness (e.g. 'duplicate-finder-maven-plugin' 'twine check')","Code Quality (Testing, Linting, Security and compliance)


Every maturity level should have at least one task assigned to it (so at least one task in Basic, at least one task in Intermediate, and at least one task in Advanced). - Vulnerability scans (e.g. 'github/codeql-action/analyze')","Code Quality (Testing, Linting, Security and compliance)


Every maturity level should have at least one task assigned to it (so at least one task in Basic, at least one task in Intermediate, and at least one task in Advanced). - Sign artifacts (e.g. 'maven-gpg-plugin')","Code Quality (Testing, Linting, Security and compliance)


Every maturity level should have at least one task assigned to it (so at least one task in Basic, at least one task in Intermediate, and at least one task in Advanced). - License checks (e.g. 'license-maven-plugin')","Collaboration (Documentation, Social coding)


Every maturity level should have at least one task assigned to it (so at least one task in Basic, at least one task in Intermediate, and at least one task in Advanced). - Generate documentation from source code (e.g. 'maven-javadoc-plugin')","Collaboration (Documentation, Social coding)


Every maturity level should have at least one task assigned to it (so at least one task in Basic, at least one task in Intermediate, and at least one task in Advanced). - Prepare or create documentation artifacts (e.g. 'maven-site-plugin', 'actions/upload-pages-artifact', 'mkdocs')","Collaboration (Documentation, Social coding)


Every maturity level should have at least one task assigned to it (so at least one task in Basic, at least one task in Intermediate, and at least one task in Advanced). - Publish documentation (e.g. 'maven-scm-publish-plugin' 'actions/deploy-pages)","Collaboration (Documentation, Social coding)


Every maturity level should have at least one task assigned to it (so at least one task in Basic, at least one task in Intermediate, and at least one task in Advanced). - Commit validation (e.g. 'pre-commit/action')","Collaboration (Documentation, Social coding)


Every maturity level should have at least one task assigned to it (so at least one task in Basic, at least one task in Intermediate, and at least one task in Advanced). - Issues or PRs management (e.g. 'actions/stale', 'peter-evans/create-pull-request')","Collaboration (Documentation, Social coding)


Every maturity level should have at least one task assigned to it (so at least one task in Basic, at least one task in Intermediate, and at least one task in Advanced). - Bot commits (e.g. 'git commit', 'git push')","Artifacts (Creation, Releasing)


Every maturity level should have at least one task assigned to it (so at least one task in Basic, at least one task in Intermediate, and at least one task in Advanced). - Code compilation (e.g. 'org.apache.maven.plugins:maven-compiler-plugin', './gradlew build')","Artifacts (Creation, Releasing)


Every maturity level should have at least one task assigned to it (so at least one task in Basic, at least one task in Intermediate, and at least one task in Advanced). - Build tasks, resources, configuration (e.g. 'org.apache.maven.plugins:maven-resources-plugin')","Artifacts (Creation, Releasing)


Every maturity level should have at least one task assigned to it (so at least one task in Basic, at least one task in Intermediate, and at least one task in Advanced). - Artifact packaging (e.g. 'org.apache.maven.plugins:maven-jar-plugin, './gradlew build')","Artifacts (Creation, Releasing)


Every maturity level should have at least one task assigned to it (so at least one task in Basic, at least one task in Intermediate, and at least one task in Advanced). - Dependency management of artifact ('org.apache.maven.plugins:maven-dependency-plugin', 'npm install')","Artifacts (Creation, Releasing)


Every maturity level should have at least one task assigned to it (so at least one task in Basic, at least one task in Intermediate, and at least one task in Advanced). - Generate source and metadata artifacts (e.g. 'maven-source-plugin')","Artifacts (Creation, Releasing)


Every maturity level should have at least one task assigned to it (so at least one task in Basic, at least one task in Intermediate, and at least one task in Advanced). - Generate release notes (e.g. 'release-drafter/release-drafter')","Artifacts (Creation, Releasing)


Every maturity level should have at least one task assigned to it (so at least one task in Basic, at least one task in Intermediate, and at least one task in Advanced). - Source code version control (e.g. 'git-commit-id-maven-plugin', 'git diff')","Artifacts (Creation, Releasing)


Every maturity level should have at least one task assigned to it (so at least one task in Basic, at least one task in Intermediate, and at least one task in Advanced). - Release tagging (e.g. 'maven-release-plugin, 'actions/create-release')","Artifacts (Creation, Releasing)


Every maturity level should have at least one task assigned to it (so at least one task in Basic, at least one task in Intermediate, and at least one task in Advanced). - Publish artifacts to a registry (e.g. 'maven-deploy-plugin', 'actions/upload-artifact')","Artifacts (Creation, Releasing)


Every maturity level should have at least one task assigned to it (so at least one task in Basic, at least one task in Intermediate, and at least one task in Advanced). - Containerization (e.g. 'docker build')","Artifacts (Creation, Releasing)


Every maturity level should have at least one task assigned to it (so at least one task in Basic, at least one task in Intermediate, and at least one task in Advanced). - Push container to remote (e.g. 'docker push')","Development (Pipeline, Productivity)


Every maturity level should have at least one task assigned to it (so at least one task in Basic, at least one task in Intermediate, and at least one task in Advanced). - Optimization (e.g. 'Uses actions/cache')","Development (Pipeline, Productivity)


Every maturity level should have at least one task assigned to it (so at least one task in Basic, at least one task in Intermediate, and at least one task in Advanced). - Package management (of a runner) (e.g. 'pip', 'apt-get', 'brew install', 'uv')","Development (Pipeline, Productivity)


Every maturity level should have at least one task assigned to it (so at least one task in Basic, at least one task in Intermediate, and at least one task in Advanced). - Build files configuration (e.g. 'actions/checkout', 'maven-clean-plugin', 'directory-maven-plugin')","Development (Pipeline, Productivity)


Every maturity level should have at least one task assigned to it (so at least one task in Basic, at least one task in Intermediate, and at least one task in Advanced). - Build environment configuration (e.g. 'actions/github-script', 'docker/login-action', 'actions/setup-python)","To which extent do you agree with the following statement:



There are automation domains, that each contain some tasks, and these tasks can be put in some partial order of maturity (e.g. Basic, Intermediate, and Advanced).","To which extent do you agree with the following statement:



Given an analysis of automations in a repository, it is possible to use maturity to make meaningful automation recommendations to developers.","In your experience, what are the main reasons that your advanced projects are at a low level of maturity in some automation domains? - Selected Choice","In your experience, what are the main reasons that your advanced projects are at a low level of maturity in some automation domains? - Other ... - Text",Do you think we missed any automation tasks or automation domains in our automation analysis?Or do you have any other remarks on this survey that you would like to add?,source
"{""ImportId"":""startDate"",""timeZone"":""Europe/Berlin""}","{""ImportId"":""endDate"",""timeZone"":""Europe/Berlin""}","{""ImportId"":""progress""}","{""ImportId"":""duration""}","{""ImportId"":""finished""}","{""ImportId"":""recordedDate"",""timeZone"":""Europe/Berlin""}","{""ImportId"":""QID15""}","{""ImportId"":""QID16_TEXT""}","{""ImportId"":""QID1""}","{""ImportId"":""QID1_7_TEXT""}","{""ImportId"":""QID6_3""}","{""ImportId"":""QID6_4""}","{""ImportId"":""QID6_5""}","{""ImportId"":""QID6_6""}","{""ImportId"":""QID6_7""}","{""ImportId"":""QID6_8""}","{""ImportId"":""QID6_9""}","{""ImportId"":""QID6_10""}","{""ImportId"":""QID6_11""}","{""ImportId"":""QID6_12""}","{""ImportId"":""QID11_3""}","{""ImportId"":""QID11_6""}","{""ImportId"":""QID11_7""}","{""ImportId"":""QID11_8""}","{""ImportId"":""QID11_9""}","{""ImportId"":""QID11_10""}","{""ImportId"":""QID5_17""}","{""ImportId"":""QID5_18""}","{""ImportId"":""QID5_19""}","{""ImportId"":""QID5_20""}","{""ImportId"":""QID5_22""}","{""ImportId"":""QID5_23""}","{""ImportId"":""QID5_24""}","{""ImportId"":""QID5_25""}","{""ImportId"":""QID5_26""}","{""ImportId"":""QID5_27""}","{""ImportId"":""QID5_28""}","{""ImportId"":""QID9_3""}","{""ImportId"":""QID9_4""}","{""ImportId"":""QID9_5""}","{""ImportId"":""QID9_6""}","{""ImportId"":""QID17_6""}","{""ImportId"":""QID18_6""}","{""ImportId"":""QID19""}","{""ImportId"":""QID19_5_TEXT""}","{""ImportId"":""QID13_TEXT""}","{""ImportId"":""source""}"
2025-01-23 14:41:26,2025-01-23 14:47:54,100,387,TRUE,2025-01-23 14:47:56,Bachelor's degree,3,"I've used GitHub workflows,I've used Docker,I've used CircleCI / Travis CI / GitLab CI",,Basic,Basic,Intermediate,Intermediate,Basic,Basic,Intermediate,Intermediate,Advanced,Basic,Basic,Advanced,Basic,Intermediate,Intermediate,Basic,Basic,Intermediate,Intermediate,Basic,Intermediate,Intermediate,Intermediate,Basic,Basic,Basic,Intermediate,Intermediate,Basic,Basic,Basic,Strongly agree,Somewhat agree,"It was not clear which automations to focus on next,The automations were not needed in the scope of the project",,,
2025-01-26 21:05:13,2025-01-26 21:11:44,100,390,TRUE,2025-01-26 21:11:44,Bachelor's degree,2,"I've used Docker,I've used Jenkins",,Basic,Basic,Intermediate,Basic,Intermediate,Basic,Advanced,Advanced,Advanced,Intermediate,Intermediate,Advanced,Intermediate,Basic,Basic,Basic,Basic,Intermediate,Advanced,Intermediate,Advanced,Intermediate,Basic,Intermediate,Basic,Basic,Basic,Advanced,Basic,Intermediate,Basic,Somewhat agree,Somewhat agree,"Lack of awareness of all possible automations,The automations were not needed in the scope of the project",,,
2025-01-27 10:34:14,2025-01-27 10:51:27,100,1033,TRUE,2025-01-27 10:51:28,Master's degree,1,"I've used GitHub workflows,I've used Maven plugins,I've used Docker",,Basic,Intermediate,Intermediate,Basic,Intermediate,Basic,Intermediate,Advanced,Advanced,Intermediate,Advanced,Intermediate,Intermediate,Intermediate,Basic,Basic,Basic,Basic,Advanced,Basic,Intermediate,Basic,Basic,Intermediate,Advanced,Intermediate,Intermediate,Intermediate,Intermediate,Basic,Intermediate,Somewhat agree,Somewhat agree,Lack of time,,,
2025-01-27 14:16:05,2025-01-27 14:20:21,100,255,TRUE,2025-01-27 14:20:21,Bachelor's degree,2,I've used Docker,,Basic,Advanced,Intermediate,Basic,Intermediate,Intermediate,Basic,Basic,Basic,Basic,Basic,Basic,Advanced,Basic,Intermediate,Intermediate,Basic,Basic,Basic,Basic,Basic,Basic,Basic,Basic,Advanced,Intermediate,Basic,Basic,Advanced,Basic,Basic,Somewhat agree,Somewhat agree,"Lack of awareness of all possible automations,The automations were not needed in the scope of the project",,,
2025-01-27 14:24:02,2025-01-27 14:35:13,100,670,TRUE,2025-01-27 14:35:13,Master's degree,1,"I've used GitHub workflows,I've used Docker,I've used CircleCI / Travis CI / GitLab CI",,Basic,Intermediate,Intermediate,Intermediate,Advanced,Basic,Advanced,Advanced,Basic,Advanced,Basic,Basic,Basic,Advanced,Intermediate,Intermediate,Basic,Basic,Basic,Basic,Basic,Intermediate,Basic,Intermediate,Intermediate,Intermediate,Intermediate,Advanced,Basic,Intermediate,Basic,Somewhat agree,Somewhat agree,"Lack of awareness of all possible automations,Lack of time,The automations were not needed in the scope of the project",,,
2025-01-27 15:41:04,2025-01-27 15:48:50,100,465,TRUE,2025-01-27 15:48:50,Bachelor's degree,1,I've used Docker,,Basic,Basic,Basic,Basic,Basic,Basic,Intermediate,Intermediate,Advanced,Intermediate,Basic,Advanced,Intermediate,Basic,Intermediate,Intermediate,Intermediate,Intermediate,Intermediate,Intermediate,Intermediate,Intermediate,Basic,Intermediate,Advanced,Basic,Basic,Basic,Basic,Intermediate,Basic,Somewhat agree,Neither agree or disagree,"Lack of awareness of all possible automations,Lack of time,Lack of motivation,The automations were not needed in the scope of the project",,,
2025-01-27 17:19:49,2025-01-27 17:27:17,100,448,TRUE,2025-01-27 17:27:18,Bachelor's degree,1,"I've used Maven plugins,I've used Docker,I've used another type of CI/CD or build automation",Bitbucket,Intermediate,Intermediate,Intermediate,Basic,Basic,Basic,Intermediate,Advanced,Basic,Intermediate,Intermediate,Basic,Advanced,Intermediate,Advanced,Advanced,Intermediate,Intermediate,Advanced,Intermediate,Advanced,Intermediate,Intermediate,Advanced,Advanced,Advanced,Advanced,Basic,Intermediate,Intermediate,Intermediate,Somewhat agree,Somewhat agree,"Lack of awareness of all possible automations,Lack of motivation",,,
2025-01-27 16:10:57,2025-01-27 20:11:21,100,14424,TRUE,2025-01-27 20:11:22,Master's degree,0,"I've used GitHub workflows,I've used Docker",,Basic,Basic,Intermediate,Intermediate,Basic,Basic,Intermediate,Advanced,Intermediate,Intermediate,Intermediate,Intermediate,Intermediate,Intermediate,Intermediate,Intermediate,Basic,Intermediate,Intermediate,Basic,Intermediate,Intermediate,Intermediate,Basic,Basic,Basic,Basic,Intermediate,Basic,Intermediate,Basic,Somewhat agree,Somewhat agree,"Lack of awareness of all possible automations,The automations were not needed in the scope of the project",,,
2025-02-10 10:54:07,2025-02-10 11:01:27,100,440,TRUE,2025-02-10 11:01:28,Master's degree,8,"I've used Maven plugins,I've used Docker,I've used Jenkins,I've used CircleCI / Travis CI / GitLab CI",,Intermediate,Basic,Basic,Intermediate,Intermediate,Intermediate,Intermediate,Basic,Intermediate,Advanced,Basic,Intermediate,Intermediate,Advanced,Intermediate,Basic,Intermediate,Intermediate,Intermediate,Intermediate,Basic,Basic,Intermediate,Intermediate,Basic,Advanced,Advanced,Basic,Intermediate,Intermediate,Intermediate,Somewhat agree,Somewhat disagree,"Lack of awareness of all possible automations,The automations were not needed in the scope of the project",,,
2025-02-10 17:38:42,2025-02-10 17:44:54,100,371,TRUE,2025-02-10 17:44:54,I haven't graduated yet but am a student in a related field,3,"I've used GitHub workflows,I've used Docker,I've used CircleCI / Travis CI / GitLab CI,I've used another type of CI/CD or build automation",azure devops pipelines,Basic,Advanced,Intermediate,Intermediate,Intermediate,Intermediate,Advanced,Basic,Advanced,Intermediate,Intermediate,Intermediate,Basic,Advanced,Intermediate,Advanced,Basic,Basic,Basic,Basic,Basic,Intermediate,Intermediate,Basic,Basic,Basic,Basic,Basic,Basic,Basic,Intermediate,Somewhat disagree,Strongly disagree,The automations were not needed in the scope of the project,,,
2025-02-11 13:44:14,2025-02-11 13:54:40,100,626,TRUE,2025-02-11 13:54:41,Bachelor's degree,8,"I've used GitHub workflows,I've used Docker,I've used Jenkins,I've used CircleCI / Travis CI / GitLab CI,I've used another type of CI/CD or build automation","FluxCD, Ansible, Terraform",Intermediate,Basic,Intermediate,Advanced,Intermediate,Intermediate,Basic,Basic,Intermediate,Basic,Basic,Basic,Basic,Basic,Advanced,Intermediate,Advanced,Intermediate,Advanced,Advanced,Basic,Basic,Advanced,Intermediate,Basic,Advanced,Advanced,Intermediate,Advanced,Basic,Basic,Somewhat disagree,Neither agree or disagree,"Lack of time,The automations were not needed in the scope of the project",,Infrastructure automation (e.g. Terraform & AWS CloudFormation),
2025-02-11 13:59:01,2025-02-11 14:30:26,100,1884,TRUE,2025-02-11 14:30:27,Doctoral degree,0,"I've used GitHub workflows,I've used Maven plugins,I've used Docker",,Basic,Intermediate,Intermediate,Basic,Advanced,Advanced,Intermediate,Advanced,Intermediate,Advanced,Intermediate,Intermediate,Intermediate,Intermediate,Basic,Intermediate,Basic,Advanced,Basic,Basic,Intermediate,Advanced,Intermediate,Advanced,Intermediate,Advanced,Advanced,Advanced,Basic,Intermediate,Intermediate,Somewhat agree,Somewhat agree,"Lack of awareness of all possible automations,Lack of time,Lack of motivation,It was not clear which automations to focus on next",,- A previous page button in the survey can help. - A short description of each category can also help.,
2025-02-12 18:15:49,2025-02-12 18:20:51,100,302,TRUE,2025-02-12 18:20:51,Master's degree,6,"I've used GitHub workflows,I've used Maven plugins,I've used Docker",,Basic,Intermediate,Intermediate,Basic,Intermediate,Basic,Intermediate,Basic,Advanced,Intermediate,Basic,Basic,Intermediate,Intermediate,Intermediate,Intermediate,Intermediate,Intermediate,Intermediate,Intermediate,Advanced,Advanced,Basic,Intermediate,Intermediate,Basic,Intermediate,Intermediate,Basic,Intermediate,Intermediate,Somewhat agree,Somewhat agree,"Lack of time,It was not clear which automations to focus on next,The automations were not needed in the scope of the project",,,
2025-02-12 20:24:12,2025-02-12 20:35:58,100,706,TRUE,2025-02-12 20:35:59,Master's degree,10,"I've used GitHub workflows,I've used Docker,I've used CircleCI / Travis CI / GitLab CI",,Intermediate,Advanced,Advanced,Basic,Basic,Basic,Advanced,Advanced,Advanced,Intermediate,Advanced,Advanced,Advanced,Basic,Intermediate,Intermediate,Basic,Intermediate,Basic,Basic,Intermediate,Intermediate,Basic,Intermediate,Intermediate,Intermediate,Intermediate,Intermediate,Basic,Basic,Basic,Strongly agree,Somewhat agree,"Lack of time,The automations were not needed in the scope of the project",,"I don't recall seeing ""upload/sftp/rsync code/artefacts to a remote server"" in the survey, but I may have misremembered.",
2025-02-13 7:43:10,2025-02-13 7:51:15,100,484,TRUE,2025-02-13 7:51:15,Master's degree,12,"I've used GitHub workflows,I've used Maven plugins,I've used Docker,I've used Jenkins,I've used CircleCI / Travis CI / GitLab CI,I've used another type of CI/CD or build automation","Jetbrains Space, Ant",Basic,Intermediate,Intermediate,Basic,Intermediate,Basic,Advanced,Intermediate,Advanced,Advanced,Basic,Intermediate,Basic,Intermediate,Advanced,Intermediate,Basic,Basic,Basic,Basic,Basic,Advanced,Advanced,Intermediate,Basic,Intermediate,Intermediate,Advanced,Basic,Basic,Intermediate,Strongly disagree,Strongly disagree,I do not recall any such projects,,,
2025-02-25 14:01:16,2025-02-25 15:00:16,100,3539,TRUE,2025-02-25 15:00:16,None,16,"I've used Docker,I've used Jenkins,I've used another type of CI/CD or build automation","Azure DevOps, TeamCity",Basic,Basic,Basic,Intermediate,Basic,Basic,Intermediate,Advanced,Basic,Advanced,Intermediate,Basic,Advanced,Intermediate,Advanced,Intermediate,Basic,Intermediate,Basic,Basic,Basic,Advanced,Basic,Intermediate,Basic,Basic,Basic,Intermediate,Basic,Basic,Basic,Somewhat agree,Somewhat agree,"Lack of awareness of all possible automations,The automations were not needed in the scope of the project",,"I think some of the listed tasks generally ought not be included in build pipelines - namely I don't think a build pipeline should ever check code into the repo that it is building from. Also some of the tasks were... low level? I don't mean ""basic"" but more ""unzip is a tool that one might use in any number of other tasks from basic to advanced"".I think re-calibrating this looking at goals the tasks are used to achieve - like building, running security analysis, ",reddit
2025-02-26 5:58:28,2025-02-26 6:07:09,100,521,TRUE,2025-02-26 6:07:10,Bachelor's degree,10,"I've used Docker,I've used CircleCI / Travis CI / GitLab CI,I've used another type of CI/CD or build automation","digital.ai release/deploy, Team City",Basic,Intermediate,Intermediate,Basic,Basic,Basic,Intermediate,Basic,Advanced,Intermediate,Basic,Basic,Intermediate,Basic,Basic,Basic,Basic,Basic,Basic,Advanced,Intermediate,Intermediate,Basic,Basic,Basic,Basic,Basic,Basic,Basic,Basic,Basic,Somewhat disagree,Strongly disagree,"Lack of awareness of all possible automations,The automations were not needed in the scope of the project",,,reddit
2025-03-03 11:24:27,2025-03-03 11:30:34,100,367,TRUE,2025-03-03 11:30:34,Bachelor's degree,1,"I've used GitHub workflows,I've used Maven plugins,I've used Docker",,Basic,Intermediate,Advanced,Intermediate,Intermediate,Basic,Advanced,Advanced,Advanced,Advanced,Intermediate,Advanced,Advanced,Basic,Intermediate,Basic,Basic,Advanced,Intermediate,Basic,Intermediate,Advanced,Intermediate,Advanced,Intermediate,Basic,Basic,Intermediate,Basic,Basic,Basic,Strongly agree,Strongly agree,"Lack of motivation,It was not clear which automations to focus on next,The automations were not needed in the scope of the project",,,
2025-03-04 12:18:50,2025-03-04 12:27:26,100,515,TRUE,2025-03-04 12:27:26,Master's degree,5,"I've used GitHub workflows,I've used Maven plugins,I've used Docker,I've used Jenkins,I've used CircleCI / Travis CI / GitLab CI",,Basic,Basic,Advanced,Advanced,Basic,Intermediate,Basic,Basic,Intermediate,Intermediate,Basic,Basic,Basic,Advanced,Basic,Intermediate,Basic,Basic,Basic,Basic,Basic,Intermediate,Basic,Basic,Basic,Advanced,Intermediate,Intermediate,Basic,Basic,Basic,Somewhat agree,Strongly agree,"Lack of awareness of all possible automations,Lack of time,Lack of motivation",,no,
2025-03-06 8:15:57,2025-03-06 8:22:48,100,410,TRUE,2025-03-06 8:22:49,Master's degree,2,"I've used GitHub workflows,I've used Docker,I've used CircleCI / Travis CI / GitLab CI",,Basic,Intermediate,Intermediate,Basic,Basic,Basic,Basic,Advanced,Intermediate,Advanced,Advanced,Intermediate,Advanced,Basic,Basic,Basic,Intermediate,Intermediate,Intermediate,Basic,Advanced,Basic,Basic,Intermediate,Intermediate,Basic,Intermediate,Intermediate,Basic,Basic,Intermediate,Somewhat agree,Somewhat agree,"Lack of awareness of all possible automations,Lack of time,The automations were not needed in the scope of the project",,,
2025-03-06 9:56:30,2025-03-06 10:13:06,100,995,TRUE,2025-03-06 10:13:07,Master's degree,18,"I've used Maven plugins,I've used Docker,I've used Jenkins",,Basic,Basic,Basic,Basic,Basic,Intermediate,Intermediate,Advanced,Intermediate,Basic,Basic,Basic,Intermediate,Basic,Basic,Basic,Basic,Basic,Advanced,Intermediate,Intermediate,Basic,Basic,Basic,Basic,Basic,Basic,Intermediate,Basic,Basic,Basic,Somewhat agree,Strongly agree,"Lack of awareness of all possible automations,Lack of time,Other ...",Using early releases of software because of a couple of unique features,"I like to make categories like basic is the so-called ‘rode draad’. These are all activities that will produce a working build and gives me insight where it might possibly go wrong. Then on top of that you provide higher level of optimizations like code hygiene, vulnerabilities, next category would be recommendations to optimize the overall chain and advanced should contain very experienced user settings to alter the preferences of the CICD chain.",
2025-03-06 13:26:09,2025-03-06 13:48:57,100,1368,TRUE,2025-03-06 13:48:58,Master's degree,2,"I've used GitHub workflows,I've used Docker",,Basic,Basic,Intermediate,Intermediate,Intermediate,Advanced,Basic,Advanced,Intermediate,Basic,Advanced,Basic,Basic,Intermediate,Intermediate,Basic,Advanced,Basic,Intermediate,Basic,Intermediate,Basic,Basic,Basic,Intermediate,Basic,Basic,Basic,Basic,Advanced,Basic,Somewhat agree,Somewhat agree,"Lack of awareness of all possible automations,Lack of time,It was not clear which automations to focus on next",,,
2025-03-07 14:31:14,2025-03-07 14:39:23,100,488,TRUE,2025-03-07 14:39:23,Bachelor's degree,5,"I've used GitHub workflows,I've used Jenkins",,Basic,Advanced,Intermediate,Intermediate,Basic,Intermediate,Intermediate,Basic,Intermediate,Basic,Basic,Basic,Basic,Advanced,Intermediate,Advanced,Intermediate,Basic,Basic,Basic,Intermediate,Intermediate,Intermediate,Intermediate,Intermediate,Intermediate,Advanced,Basic,Advanced,Intermediate,Basic,Neither agree or disagree,Somewhat agree,"Lack of time,The automations were not needed in the scope of the project",,,
2025-03-07 13:18:36,2025-03-07 14:48:24,100,5387,TRUE,2025-03-07 14:48:25,Master's degree,20,"I've used Maven plugins,I've used Docker,I've used Jenkins",,Basic,Intermediate,Intermediate,Advanced,Intermediate,Intermediate,Advanced,Advanced,Advanced,Advanced,Basic,Intermediate,Basic,Intermediate,Advanced,Intermediate,Basic,Intermediate,Basic,Basic,Intermediate,Intermediate,Basic,Basic,Intermediate,Intermediate,Intermediate,Intermediate,Basic,Basic,Intermediate,Somewhat agree,Somewhat agree,"Lack of time,The automations were not needed in the scope of the project",,"It is very hard to give a meaningful qualification for some of the tasks, because I am not familiar with all of them and do not feel very motivated to do research into them, right now.",
2025-03-07 15:00:33,2025-03-07 15:15:42,100,909,TRUE,2025-03-07 15:15:43,Bachelor's degree,7,"I've used GitHub workflows,I've used Maven plugins,I've used Docker,I've used Jenkins,I've used CircleCI / Travis CI / GitLab CI",,Basic,Basic,Basic,Intermediate,Basic,Basic,Intermediate,Advanced,Intermediate,Intermediate,Advanced,Intermediate,Advanced,Basic,Advanced,Advanced,Basic,Intermediate,Basic,Basic,Basic,Basic,Advanced,Advanced,Advanced,Intermediate,Intermediate,Advanced,Basic,Intermediate,Basic,Somewhat disagree,Strongly disagree,Other ...,Not every project requires automation.,"Gitlab automation is useful for bigger (5-9 developers) teams that deliver often. But many projects are either with small teams or with infrequent deliveries. In those cases automation can be a disadventage since you spend time building and maintaining the environment.When I work alone on a project, i use a fraction of the tools that I use when working in a team project",
2025-03-10 9:55:22,2025-03-10 10:13:15,100,1072,TRUE,2025-03-10 10:13:15,None,8,"I've used GitHub workflows,I've used Maven plugins,I've used Docker,I've used Jenkins,I've used CircleCI / Travis CI / GitLab CI",,Basic,Intermediate,Intermediate,Basic,Intermediate,Basic,Intermediate,Advanced,Advanced,Advanced,Intermediate,Intermediate,Advanced,Basic,Intermediate,Basic,Basic,Basic,Intermediate,Intermediate,Intermediate,Advanced,Intermediate,Advanced,Intermediate,Advanced,Advanced,Advanced,Basic,Basic,Intermediate,Strongly agree,Strongly agree,"Lack of awareness of all possible automations,Lack of time,It was not clear which automations to focus on next,The automations were not needed in the scope of the project,Other ...","Technical Debt & Legacy Codebases, making it harder to integrate a decent pipeline. Most important: Resistance to Change! requires effort, training, and mindset shifts","Infrastructure as Code (IaC) & Cloud Automation – Automating the provisioning, configuration, and scaling of infrastructure is a key aspect of modern development workflows.Observability & Monitoring – Often overlooked, yet crucial for ensuring the reliability and performance of many projects. Proper monitoring helps detect issues early and maintain system stability.Policy Enforcement – Running tests and license checks is important, but enforcing standards across development teams is equally critical. Ensuring compliance with coding, security, and operational policies can significantly improve software quality and maintainability.",
2025-03-10 12:57:19,2025-03-10 13:06:30,100,550,TRUE,2025-03-10 13:06:30,Bachelor's degree,13,"I've used Docker,I've used Jenkins",,Intermediate,Intermediate,Intermediate,Intermediate,Advanced,Intermediate,Intermediate,Intermediate,Basic,Basic,Advanced,Intermediate,Basic,Intermediate,Intermediate,Basic,Intermediate,Intermediate,Basic,Intermediate,Intermediate,Basic,Basic,Basic,Basic,Advanced,Intermediate,Advanced,Advanced,Basic,Intermediate,Neither agree or disagree,Somewhat agree,"Lack of awareness of all possible automations,Lack of time,The automations were not needed in the scope of the project",,,
2025-03-10 12:57:44,2025-03-10 21:34:45,100,31020,TRUE,2025-03-10 21:34:45,Master's degree,13,"I've used Jenkins,I've used CircleCI / Travis CI / GitLab CI",,Basic,Intermediate,Intermediate,Basic,Advanced,Intermediate,Basic,Basic,Basic,Basic,Basic,Basic,Intermediate,Basic,Basic,Advanced,Intermediate,Intermediate,Intermediate,Intermediate,Intermediate,Basic,Advanced,Basic,Basic,Intermediate,Basic,Basic,Advanced,Intermediate,Intermediate,Somewhat agree,Neither agree or disagree,Other ...,Lack of prioritization,,
2025-03-11 16:32:00,2025-03-11 16:45:03,100,782,TRUE,2025-03-11 16:45:03,Bachelor's degree,1,"I've used Maven plugins,I've used Jenkins",,Basic,Basic,Advanced,Advanced,Intermediate,Intermediate,Intermediate,Intermediate,Advanced,Intermediate,Intermediate,Advanced,Intermediate,Advanced,Intermediate,Basic,Basic,Basic,Basic,Basic,Intermediate,Intermediate,Intermediate,Intermediate,Advanced,Basic,Basic,Advanced,Basic,Intermediate,Basic,Somewhat agree,Strongly agree,"Lack of time,Other ...","for some automation you need generic projects/solutions. I work on a lot of advanced (and sometimes old) code projects, this makes it sometimes difficult to automate some parts.",,
2025-03-15 2:28:14,2025-03-15 2:39:55,100,701,TRUE,2025-03-15 2:39:56,Other formal education or training (e.g. apprenticeship),2,I've used GitHub workflows,,Basic,Intermediate,Intermediate,Intermediate,Basic,Intermediate,Advanced,Basic,Intermediate,Advanced,Intermediate,Intermediate,Advanced,Basic,Intermediate,Basic,Intermediate,Intermediate,Intermediate,Advanced,Intermediate,Advanced,Intermediate,Intermediate,Basic,Basic,Basic,Basic,Advanced,Intermediate,Intermediate,Somewhat agree,Neither agree or disagree,"Lack of awareness of all possible automations,Lack of time",,Environmental and Sustainability Analysis,
2025-03-17 6:47:38,2025-03-17 6:51:43,100,244,TRUE,2025-03-17 6:51:43,Master's degree,8,"I've used GitHub workflows,I've used Maven plugins,I've used CircleCI / Travis CI / GitLab CI",,Intermediate,Intermediate,Intermediate,Intermediate,Intermediate,Intermediate,Advanced,Intermediate,Intermediate,Basic,Intermediate,Basic,Intermediate,Advanced,Intermediate,Intermediate,Intermediate,Basic,Intermediate,Basic,Basic,Advanced,Intermediate,Intermediate,Intermediate,Intermediate,Intermediate,Intermediate,Basic,Advanced,Intermediate,Somewhat agree,Somewhat agree,"Lack of awareness of all possible automations,Lack of time",,,
2025-03-17 10:52:32,2025-03-17 12:14:24,100,4911,TRUE,2025-03-17 12:14:24,Master's degree,5,I've used GitHub workflows,,Basic,Intermediate,Basic,Basic,Basic,Basic,Basic,Advanced,Basic,Basic,Basic,Basic,Basic,Intermediate,Intermediate,Advanced,Intermediate,Advanced,Basic,Advanced,Intermediate,Basic,Advanced,Intermediate,Intermediate,Intermediate,Intermediate,Intermediate,Advanced,Basic,Intermediate,Somewhat agree,Strongly agree,"Lack of time,Lack of motivation",,,
2025-03-18 12:18:17,2025-03-18 12:40:26,100,1329,TRUE,2025-03-18 12:40:27,Bachelor's degree,25,"I've used GitHub workflows,I've used Docker,I've used another type of CI/CD or build automation",Azure DevOps,Basic,Basic,Intermediate,Intermediate,Intermediate,Intermediate,Advanced,Intermediate,Intermediate,Intermediate,Intermediate,Advanced,Advanced,Intermediate,Basic,Intermediate,Basic,Intermediate,Intermediate,Basic,Basic,Advanced,Basic,Basic,Intermediate,Basic,Basic,Advanced,Basic,Intermediate,Intermediate,Somewhat agree,Somewhat agree,"Lack of awareness of all possible automations,Lack of time,Lack of motivation,The automations were not needed in the scope of the project,Other ...",Cost/benefits didn't make sense,"I think I missed some automations regarding code security (SAST, SCA, DAST). Also, I missed being able to mark some automations as irrelevant. For instance, pre-commit hooks are almost always evil/developer-hostile and we prefer not to use them. ",
2025-03-18 15:22:07,2025-03-18 15:31:23,100,555,TRUE,2025-03-18 15:31:24,Master's degree,10,"I've used Jenkins,I've used another type of CI/CD or build automation",GO CD,Basic,Advanced,Intermediate,Intermediate,Advanced,Basic,Intermediate,Advanced,Intermediate,Intermediate,Basic,Basic,Basic,Basic,Advanced,Intermediate,Advanced,Intermediate,Intermediate,Advanced,Basic,Basic,Basic,Intermediate,Basic,Advanced,Basic,Advanced,Basic,Basic,Intermediate,Somewhat agree,Somewhat disagree,"Lack of time,Other ...",Misalignment with Project Managers. Lack o prioritization.,,sc
2025-03-19 15:06:48,2025-03-19 15:16:19,100,571,TRUE,2025-03-19 15:16:19,Bachelor's degree,8,"I've used GitHub workflows,I've used Docker,I've used Jenkins,I've used CircleCI / Travis CI / GitLab CI",,Basic,Intermediate,Intermediate,Basic,Advanced,Basic,Advanced,Basic,Intermediate,Intermediate,Advanced,Intermediate,Intermediate,Intermediate,Basic,Basic,Basic,Intermediate,Intermediate,Basic,Intermediate,Intermediate,Basic,Basic,Advanced,Intermediate,Intermediate,Advanced,Basic,Basic,Intermediate,Neither agree or disagree,Somewhat disagree,"Lack of awareness of all possible automations,Lack of motivation,Other ...",Have not used automation on previous projects.,"Personally I think a lot of this has to do with the maturity of the organization, not the maturity of the repository itself. If your organization takes automation seriously, there is no reason you can't pull in the majority of automations from day 1, standardizing your workflow and ensuring code correctness. Even in the open source world, package skeletons exist that include many automation tasks that take minimal configuration to get going because of how easy GitHub actions are to configure. For example https://github.com/spatie/package-skeleton-laravelSo there are definitely some things that I would only expect to see in very mature organizations, but there is no reason they wouldn't then apply those automations immediately to any new repositories. ",
2025-03-21 21:18:33,2025-03-21 22:40:52,100,4939,TRUE,2025-03-21 22:40:53,Bachelor's degree,5,"I've used GitHub workflows,I've used Docker,I've used CircleCI / Travis CI / GitLab CI,I've used another type of CI/CD or build automation",Concourse,Basic,Intermediate,Intermediate,Basic,Advanced,Advanced,Advanced,Advanced,Intermediate,Intermediate,Advanced,Intermediate,Intermediate,Intermediate,Basic,Advanced,Basic,Basic,Basic,Intermediate,Advanced,Advanced,Intermediate,Intermediate,Intermediate,Basic,Basic,Advanced,Basic,Intermediate,Intermediate,Somewhat agree,Somewhat disagree,"Lack of awareness of all possible automations,The automations were not needed in the scope of the project,Other ...",Business people say work faster :(,,